продажа,#FF0000,default
день,#FF0000,default
клиент,#FF0000,default
сотрудник,#FF0000,default
мотивация,#FF0000,default
карта,#FF0000,default
продукт,#FF0000,default
пульс,#FF0000,default
премия,#FF0000,default
апрель,#FF0000,default
причина,#FF0000,default
май,#FF0000,default
коллега,#FF0000,default
просьба,#FF0000,default
кд,#FF0000,default
пакет,#FF0000,default
месяц,#FF0000,default
расчёт,#FF0000,default
учёт,#FF0000,default
кредит,#FF0000,default
март,#FF0000,default
км,#FF0000,default
сбол,#FF0000,default
выдача,#FF0000,default
сделка,#FF0000,default
выгрузка,#FF0000,default
сумма,#FF0000,default
год,#FF0000,default
услуга,#FF0000,default
сберпрайм,#FF0000,default
информация,#FF0000,default
сберздоровье,#FF0000,default
шт,#FF0000,default
план,#FF0000,default
место,#FF0000,default
ипотека,#FF0000,default
оформление,#FF0000,default
период,#FF0000,default
прайма,#FF0000,default
офис,#FF0000,default
заявка,#FF0000,default
договор,#FF0000,default
вложение,#FF0000,default
номер,#FF0000,default
факт,#FF0000,default
показатель,#FF0000,default
выполнение,#FF0000,default
вопрос,#FF0000,default
сберкарта,#FF0000,default
подписка,#FF0000,default
